I,"['hgamma', 'hc', 'halpha', 'ha', 'kcoop', 'kcomp', 'kdu', 'kud', 'kx']"
075,"[-10.813039700214725, -10.493275942310733, -8.467808763513434, -3.440305398445934, 0.8102093637779607, 1.8747257423529846, 2.686201028042257, 0.11667559074547738, 0.7218451091627106]"
