I,"['hgamma', 'hc', 'halpha', 'ha', 'kcoop', 'kcomp', 'kdu', 'kud', 'kx']"
075,"[-10.808748712886235, -10.498280798836518, -8.510469152655627, -3.405851880239148, 0.8127280073218512, 1.871478487583169, 2.6845389185579274, 0.11721890364005097, 0.7203853538609443]"
